data;horario;n_da_ocorrencia;tipo_de_ocorrencia;km;trecho;sentido;tipo_de_acidente;caminhao;ilesos;levemente_feridos;moderadamente_feridos;gravemente_feridos;mortos;3
01/05/2021;05:25:32;12;Acidente com VITIMA;350;BR-101/SC;Sul;Saída de pista;1;0;1;0;0;0;1
02/05/2021;23:12:00;134;Acidente com VITIMA;337;BR-101/SC;Norte;Colisão - Traseira;1;2;0;1;1;0;2
11/05/2021;00:08:51;1;Acidente com VITIMA;364;BR-101/SC;Norte;Colisão - Traseira;1;1;1;0;0;0;1
14/05/2021;18:09:00;127;Acidente sem VITIMA;331;BR-101/SC;Norte;Engavetamento;1;7;0;0;0;0;1
16/05/2021;00:04:00;2;Acidente com VITIMA;335;BR-101/SC;Norte;Colisão - Frontal;1;1;0;3;1;0;2
20/05/2021;12:15:00;96;Acidente com VITIMA;337;BR-101/SC;Sul;Choque - Arvore;1;1;0;1;0;0;2
27/05/2021;10:47:00;56;Acidente sem VITIMA;323;BR-101/SC;Norte;Colisão - Traseira;1;3;0;0;0;0;1
28/05/2021;08:59:00;51;Acidente com VITIMA FATAL;269;BR-101/SC;Sul;Choque - Poste;1;2;0;0;0;1;3
04/06/2021;10:51:00;53;Acidente sem VITIMA;256;BR-101/SC;Norte;Colisão - Lateral;1;2;0;0;0;0;1
08/06/2021;08:53:09;31;Acidente com VITIMA;362;BR-101/SC;Norte;Colisão - Traseira;1;1;1;0;0;0;1
09/06/2021;20:17:18;118;Acidente sem VITIMA;355;BR-101/SC;Norte;Colisão - Traseira;1;2;0;0;0;0;1
12/06/2021;20:47:00;92;Acidente sem VITIMA;290;BR-101/SC;Norte;Choque Defensa;1;2;0;0;0;0;1
16/06/2021;01:42:00;6;Acidente sem VITIMA;345;BR-101/SC;Sul;Tombamento;1;2;0;0;0;0;1
30/06/2021;01:58:45;3;Acidente sem VITIMA;372;BR-101/SC;Norte;Tombamento;1;1;0;0;0;0;1
06/07/2021;03:41:00;13;Acidente com VITIMA;441,000;BR-101/SC;Sul;;2;0;2;0;0;0;1
10/07/2021;04:22:00;14;Acidente sem VITIMA;269,000;BR-101/SC;Sul;Colisão - Lateral;1;3;0;0;0;0;1
23/07/2021;22:08:53;157;Acidente sem VITIMA;435,000;BR-101/SC;Ambos;Colisão - Lateral;1;3;0;0;0;0;1
28/07/2021;08:15:01;47;Acidente com VITIMA;382,000;BR-101/SC;Sul;Colisão - Traseira;1;1;1;0;0;0;1
05/08/2021;05:10:14;19;Acidente sem VITIMA;311,000;BR-101/SC;Norte;Colisão - Lateral;1;3;0;0;0;0;1
07/08/2021;16:54:11;93;Acidente sem VITIMA;379,000;BR-101/SC;Sul;Colisão - Traseira;1;5;0;0;0;0;1
08/08/2021;13:50:14;61;Atropelamento Fatal;302,000;BR-101/SC;Norte;Atropelamento - Suicida;1;1;0;0;0;1;3
08/08/2021;02:26:09;8;Acidente com VITIMA;397,000;BR-101/SC;Sul;Colisão - Traseira;1;2;0;1;0;0;2
14/08/2021;09:09:13;31;Acidente sem VITIMA;429,000;BR-101/SC;Norte;Outros;1;3;0;0;0;0;1
19/08/2021;14:41:31;107;Acidente com VITIMA;289,000;BR-101/SC;Norte;Colisão - Lateral;1;3;1;0;0;0;1
23/08/2021;21:47:06;124;Acidente sem VITIMA;259,000;BR-101/SC;Norte;Colisão - Traseira;1;2;0;0;0;0;1
29/08/2021;08:55:46;31;Atropelamento;313,000;BR-101/SC;Norte;Atropelamento - Usuário;1;1;1;0;0;0;1
02/09/2021;00:18:10;2;Acidente com VITIMA;366,000;BR-101/SC;Sul;Colisão - Traseira;1;0;1;1;0;0;2
10/09/2021;09:46:24;51;Acidente sem VITIMA;275,000;BR-101/SC;Sul;Choque com objeto sobre a pista;1;1;0;0;0;0;1
15/09/2021;14:49:57;98;Acidente sem VITIMA;245,000;BR-101/SC;Norte;Colisão - Lateral;1;2;0;0;0;0;1
29/09/2021;13:20:08;80;Acidente sem VITIMA;253,000;BR-101/SC;Sul;Tombamento;1;2;0;0;0;0;1
04/10/2021;17:00:55;143;Acidente sem VITIMA;330,000;BR-101/SC;Sul;Colisão - Traseira;1;2;0;0;0;0;1
12/10/2021;22:15:25;104;Acidente sem VITIMA;380,000;BR-101/SC;Sul;Saída de pista;1;1;0;0;0;0;1
13/10/2021;11:46:58;99;Acidente sem VITIMA;282,000;BR-101/SC;Sul;Colisão - Traseira;1;2;0;0;0;0;1
14/10/2021;03:35:49;12;Acidente sem VITIMA;298,000;BR-101/SC;Sul;Colisão - Traseira;1;2;0;0;0;0;1
25/10/2021;08:02:53;51;Acidente com VITIMA;368,000;BR-101/SC;Sul;Tombamento;1;0;1;0;0;0;1
01/11/2021;19:29:58;86;Sem vítima;432,000;BR-101/SC;Decrescente;Colisão traseira;1;2;0;0;0;0;1
01/11/2021;21:09:32;87;Sem vítima;417,000;BR-101/SC;Crescente;Colisão lateral no mesmo sentido;1;6;0;0;0;0;1
05/11/2021;11:47:27;79;Sem vítima;340,000;BR-101/SC;Crescente;Choque;1;2;0;0;0;0;1
06/11/2021;19:37:20;105;Sem vítima;427,000;BR-101/SC;Decrescente;Colisão lateral no mesmo sentido;1;2;0;0;0;0;1
19/11/2021;23:44:31;124;Sem vítima;334,000;BR-101/SC;Decrescente;Colisão traseira;1;3;0;0;0;0;1
20/11/2021;04:31:31;11;Sem vítima;276,000;BR-101/SC;Crescente;Tombamento;1;1;0;0;0;0;1
22/11/2021;16:54:21;118;Sem vítima;336,000;BR-101/SC;Decrescente;Colisão lateral no mesmo sentido;1;2;0;0;0;0;1
30/11/2021;16:14:14;66;Sem vítima;448,000;BR-101/SC;Crescente;Colisão traseira;1;1;0;0;0;0;1
10/12/2021;11:39:56;80;Com vítima;450,000;BR-101/SC;Crescente;Colisão lateral no mesmo sentido;1;2;0;1;0;0;2
15/12/2021;22:10:15;136;Sem vítima;370,000;BR-101/SC;Decrescente;Acidentes de outra natureza;1;1;0;0;0;0;1
17/12/2021;19:12:28;119;Sem vítima;448,000;BR-101/SC;Decrescente;Tombamento;1;1;0;0;0;0;1
18/12/2021;20:31:32;93;Com vítima;328,000;BR-101/SC;Crescente;Colisão traseira;1;1;1;1;0;0;2
22/12/2021;01:28:46;10;Sem vítima;442,000;BR-101/SC;Crescente;Colisão traseira;2;3;0;0;0;0;1
02/04/2022;21:23:48;114;Sem vítima;308,000;BR-101/SC;Decrescente;Choque;1;7;0;0;0;0;1
04/04/2022;23:36:19;114;Sem vítima;277,000;BR-101/SC;Decrescente;Colisão traseira;2;0;0;0;0;0;1
15/04/2022;05:39:17;13;Com vítima;371,000;BR-101/SC;Decrescente;Acidentes de outra natureza;1;0;2;0;0;1;3
15/04/2022;09:58:47;45;Sem vítima;276,000;BR-101/SC;Decrescente;Atropelamento de animal;1;1;0;0;0;0;1
29/04/2022;11:27:05;72;Sem vítima;338,000;BR-101/SC;Crescente;Colisão traseira;2;3;0;0;0;0;1
30/04/2022;01:23:41;4;Com vítima;291,000;BR-101/SC;Crescente;Colisão traseira;1;1;0;1;0;0;2
06/05/2022;10:33:09;57;Sem vítima;337,000;BR-101/SC;Decrescente;Colisão lateral no mesmo sentido;1;3;0;0;0;0;1
25/05/2022;20:06:17;116;Sem vítima;273,000;BR-101/SC;Crescente;Choque;1;3;0;0;0;0;1
27/05/2022;18:07:18;87;Com vítima;390,000;BR-101/SC;Decrescente;Colisão lateral no mesmo sentido;2;4;0;1;0;0;2
31/05/2022;20:11:25;118;Sem vítima;329,000;BR-101/SC;Decrescente;Queda de carga;1;1;0;0;0;0;1
30/06/2022;07:13:33;15;Sem vítima;394,000;BR-101/SC;Crescente;Colisão traseira;2;3;0;0;0;0;1
01/07/2022;12:48:14;73;Sem vítima;332,000;BR-101/SC;Decrescente;Colisão traseira;1;2;0;0;0;0;1
01/07/2022;18:07:38;95;Sem vítima;301,000;BR-101/SC;Decrescente;Colisão lateral no mesmo sentido;1;2;0;0;0;0;1
01/07/2022;20:05:02;110;Sem vítima;355,000;BR-101/SC;Decrescente;Colisão traseira;1;2;0;0;0;0;1
02/07/2022;22:08:33;129;Sem vítima;283,000;BR-101/SC;Decrescente;Colisão traseira;1;6;0;0;0;0;1
05/07/2022;01:56:56;4;Sem vítima;277,000;BR-101/SC;Crescente;Tombamento;1;1;0;0;0;0;1
05/07/2022;07:12:42;18;Sem vítima;404,000;BR-101/SC;Decrescente;Colisão traseira;1;2;0;0;0;0;1
05/07/2022;15:00:36;93;Sem vítima;348,000;BR-101/SC;Crescente;Colisão traseira;2;2;0;0;0;0;1
10/07/2022;12:18:11;52;Sem vítima;263,000;BR-101/SC;Crescente;Colisão traseira;1;2;0;0;0;0;1
11/07/2022;03:34:01;7;Sem vítima;255,000;BR-101/SC;Crescente;Atropelamento de animal;1;1;0;0;0;0;1
12/07/2022;11:47:00;65;Sem vítima;333,000;BR-101/SC;Crescente;Acidentes de outra natureza;1;1;0;0;0;0;1
13/07/2022;13:36:38;87;Sem vítima;269,000;BR-101/SC;Decrescente;Acidentes de outra natureza;1;0;0;0;0;0;1
13/07/2022;22:15:45;131;Sem vítima;355,000;BR-101/SC;Decrescente;Tombamento;1;0;0;0;0;0;1
15/07/2022;08:15:17;39;Sem vítima;356,000;BR-101/SC;Crescente;Acidentes de outra natureza;1;0;0;0;0;0;1
17/07/2022;19:27:55;104;Sem vítima;404,000;BR-101/SC;Crescente;Colisão traseira;1;0;0;0;0;0;1
24/07/2022;17:16:57;79;Sem vítima;368,000;BR-101/SC;Decrescente;Acidentes de outra natureza;1;0;0;0;0;0;1
24/07/2022;23:41:08;124;Sem vítima;298,000;BR-101/SC;Crescente;Acidentes de outra natureza;1;0;0;0;0;0;1
26/07/2022;14:14:52;97;Sem vítima;327,000;BR-101/SC;Decrescente;Acidentes de outra natureza;1;0;0;0;0;0;1
27/07/2022;10:33:17;90;Sem vítima;344,000;BR-101/SC;Crescente;Acidentes de outra natureza;1;0;0;0;0;0;1
28/07/2022;06:36:15;22;Sem vítima;405,000;BR-101/SC;Decrescente;Acidentes de outra natureza;1;0;0;0;0;0;1
30/07/2022;19:54:59;111;Sem vítima;252,000;BR-101/SC;Decrescente;Acidentes de outra natureza;1;0;0;0;0;0;1
02/08/2022;14:25:06;115;Sem vítima;457,000;BR-101/SC;Crescente;Acidentes de outra natureza;1;0;0;0;0;0;1
08/08/2022;06:05:51;10;Sem vítima;401,000;BR-101/SC;Decrescente;Acidentes de outra natureza;1;0;0;0;0;0;1
08/08/2022;10:01:37;46;Sem vítima;344,000;BR-101/SC;Crescente;Acidentes de outra natureza;1;0;0;0;0;0;1
09/08/2022;14:00:08;182;Sem vítima;331,000;BR-101/SC;Crescente;Acidentes de outra natureza;1;0;0;0;0;0;1
09/08/2022;19:02:19;223;Sem vítima;298,000;BR-101/SC;Decrescente;Acidentes de outra natureza;1;0;0;0;0;0;1
09/08/2022;23:18:20;246;Sem vítima;367,000;BR-101/SC;Decrescente;Acidentes de outra natureza;1;0;0;0;0;0;1
14/08/2022;15:17:43;80;Sem vítima;344,000;BR-101/SC;Crescente;Acidentes de outra natureza;1;0;0;0;0;0;1
16/08/2022;04:29:16;7;Sem vítima;385,000;BR-101/SC;Decrescente;Acidentes de outra natureza;1;0;0;0;0;0;1
16/08/2022;14:44:17;111;Sem vítima;269,000;BR-101/SC;Decrescente;Acidentes de outra natureza;1;0;0;0;0;0;1
17/08/2022;10:55:49;86;Sem vítima;262,000;BR-101/SC;Decrescente;Acidentes de outra natureza;1;0;0;0;0;0;1
23/08/2022;17:45:54;136;Sem vítima;350,000;BR-101/SC;Decrescente;Acidentes de outra natureza;1;0;0;0;0;0;1
25/08/2022;02:34:36;11;Sem vítima;329,000;BR-101/SC;Decrescente;Acidentes de outra natureza;1;0;0;0;0;0;1
25/08/2022;15:53:57;119;Sem vítima;318,000;BR-101/SC;Crescente;Acidentes de outra natureza;1;0;0;0;0;0;1
26/08/2022;01:00:57;2;Sem vítima;358,000;BR-101/SC;Crescente;Acidentes de outra natureza;1;0;0;0;0;0;1
26/08/2022;18:35:57;147;Sem vítima;265,000;BR-101/SC;Decrescente;Acidentes de outra natureza;1;0;0;0;0;0;1
26/08/2022;21:57:47;170;Sem vítima;319,000;BR-101/SC;Crescente;Acidentes de outra natureza;1;0;0;0;0;0;1
29/08/2022;15:56:59;98;Sem vítima;266,000;BR-101/SC;Crescente;Acidentes de outra natureza;1;0;0;0;0;0;1
30/08/2022;09:19:38;61;Sem vítima;334,000;BR-101/SC;Crescente;Acidentes de outra natureza;1;0;0;0;0;0;1
31/08/2022;18:09:40;111;Com vítima;430,000;BR-101/SC;Crescente;Colisão traseira;1;2;0;0;0;1;3
02/09/2022;14:14:39;97;Sem vítima;329,000;BR-101/SC;Decrescente;Acidentes de outra natureza;1;0;0;0;0;0;1
03/09/2022;10:41:25;47;Sem vítima;433,000;BR-101/SC;Decrescente;Acidentes de outra natureza;1;0;0;0;0;0;1
06/09/2022;11:48:37;53;Sem vítima;265,000;BR-101/SC;Crescente;Colisão lateral no mesmo sentido;1;0;0;0;0;0;1
06/09/2022;16:33:43;93;Sem vítima;327,000;BR-101/SC;Crescente;Colisão traseira;1;3;0;0;0;0;1
06/09/2022;20:22:59;116;Sem vítima;271,000;BR-101/SC;Crescente;Acidentes de outra natureza;1;1;0;0;0;0;1
07/09/2022;04:43:47;9;Sem vítima;333,000;BR-101/SC;Decrescente;Atropelamento de pedestre;1;1;0;0;0;0;1
08/09/2022;09:03:01;57;Com vítima;298,000;BR-101/SC;Crescente;Colisão traseira;1;3;1;0;0;0;1
09/09/2022;17:57:40;118;Sem vítima;426,000;BR-101/SC;Decrescente;Colisão lateral no mesmo sentido;1;3;0;0;0;0;1
09/09/2022;18:31:14;123;Sem vítima;464,000;BR-101/SC;Decrescente;Choque;1;2;0;0;0;0;1
09/09/2022;21:00:44;148;Sem vítima;324,000;BR-101/SC;Crescente;Acidentes de outra natureza;1;0;0;0;0;0;1
09/09/2022;21:09:59;149;Sem vítima;391,000;BR-101/SC;Crescente;Colisão lateral no mesmo sentido;1;0;0;0;0;0;1
10/09/2022;10:06:31;41;Sem vítima;372,000;BR-101/SC;Crescente;Colisão traseira;1;3;0;0;0;0;1
10/09/2022;18:40:54;91;Sem vítima;252,000;BR-101/SC;Crescente;Colisão lateral no mesmo sentido;1;0;0;0;0;0;1
10/09/2022;21:29:31;102;Com vítima;306,000;BR-101/SC;Decrescente;Colisão traseira;1;1;0;1;0;0;2
10/09/2022;22:19:20;105;Sem vítima;290,000;BR-101/SC;Decrescente;Colisão lateral no mesmo sentido;1;0;0;0;0;0;1
11/09/2022;22:29:43;105;Sem vítima;416,000;BR-101/SC;Decrescente;Colisão lateral no mesmo sentido;1;1;0;0;0;0;1
14/09/2022;07:50:05;31;Sem vítima;348,300;BR-101/SC;Crescente;Acidentes de outra natureza;1;1;0;0;0;0;1
14/09/2022;20:18:57;141;Sem vítima;362,000;BR-101/SC;Decrescente;Colisão traseira;1;1;0;0;0;0;1
18/09/2022;01:53:57;5;Sem vítima;287,000;BR-101/SC;Decrescente;Acidentes de outra natureza;1;0;0;0;0;0;1
22/09/2022;05:03:22;10;Sem vítima;405,000;BR-101/SC;Decrescente;Colisão traseira;1;0;0;0;0;0;1
22/09/2022;14:39:41;100;Sem vítima;298,000;BR-101/SC;Decrescente;Acidentes de outra natureza;1;0;0;0;0;0;1
23/09/2022;19:34:19;152;Sem vítima;286,000;BR-101/SC;Decrescente;Acidentes de outra natureza;1;0;0;0;0;0;1
23/09/2022;22:15:55;168;Sem vítima;345,000;BR-101/SC;Decrescente;Acidentes de outra natureza;1;0;0;0;0;0;1
24/09/2022;02:18:21;7;Sem vítima;268,000;BR-101/SC;Decrescente;Acidentes de outra natureza;1;0;0;0;0;0;1
26/09/2022;21:41:15;130;Sem vítima;364,000;BR-101/SC;Crescente;Acidentes de outra natureza;1;0;0;0;0;0;1
27/09/2022;22:33:35;140;Sem vítima;298,000;BR-101/SC;Crescente;Acidentes de outra natureza;1;0;0;0;0;0;1
28/09/2022;23:27:39;144;Sem vítima;257,000;BR-101/SC;Crescente;Acidentes de outra natureza;1;0;0;0;0;0;1
30/09/2022;01:04:19;7;Sem vítima;319,000;BR-101/SC;Crescente;Acidentes de outra natureza;1;0;0;0;0;0;1
05/10/2022;19:31:15;110;Sem vítima;264,000;BR-101/SC;Decrescente;Acidentes de outra natureza;1;0;0;0;0;0;1
11/10/2022;05:03:39;13;Sem vítima;308,000;BR-101/SC;Decrescente;Acidentes de outra natureza;1;0;0;0;0;0;1
14/10/2022;02:47:16;8;Sem vítima;442,200;BR-101/SC;Crescente;Acidentes de outra natureza;1;0;0;0;0;0;1
18/10/2022;22:40:22;128;Sem vítima;300,000;BR-101/SC;Crescente;Acidentes de outra natureza;1;0;0;0;0;0;1
20/10/2022;18:47:40;84;Sem vítima;384,000;BR-101/SC;Crescente;Acidentes de outra natureza;1;0;0;0;0;0;1
24/10/2022;01:25:34;6;Sem vítima;299,200;BR-101/SC;Decrescente;Acidentes de outra natureza;1;0;0;0;0;0;1
25/10/2022;07:08:24;17;Sem vítima;344,000;BR-101/SC;Decrescente;Acidentes de outra natureza;1;0;0;0;0;0;1
26/10/2022;11:54:51;55;Sem vítima;337,000;BR-101/SC;Decrescente;Acidentes de outra natureza;1;0;0;0;0;0;1
26/10/2022;12:53:43;58;Sem vítima;435,000;BR-101/SC;Decrescente;Acidentes de outra natureza;1;0;0;0;0;0;1
27/10/2022;20:06:51;108;Sem vítima;308,000;BR-101/SC;Decrescente;Acidentes de outra natureza;1;0;0;0;0;0;1
01/11/2022;16:40:57;41;Sem vítima;452,000;BR-101/SC;Decrescente;Acidentes de outra natureza;1;0;0;0;0;0;1
03/11/2022;06:45:11;12;Sem vítima;441,000;BR-101/SC;Crescente;Colisão traseira;1;0;0;0;0;0;1
06/11/2022;17:06:37;71;Sem vítima;298,000;BR-101/SC;Crescente;Acidentes de outra natureza;1;0;0;0;0;0;1
07/11/2022;15:59:21;217;Sem vítima;311,000;BR-101/SC;Crescente;Acidentes de outra natureza;1;0;0;0;0;0;1
08/11/2022;20:44:19;111;Sem vítima;344,000;BR-101/SC;Decrescente;Acidentes de outra natureza;1;0;0;0;0;0;1
11/11/2022;12:20:36;109;Sem vítima;282,000;BR-101/SC;Decrescente;Acidentes de outra natureza;1;0;0;0;0;0;1
12/11/2022;12:08:46;65;Sem vítima;344,000;BR-101/SC;Decrescente;Acidentes de outra natureza;1;0;0;0;0;0;1
17/11/2022;10:56:33;83;Sem vítima;363,000;BR-101/SC;Decrescente;Acidentes de outra natureza;1;0;0;0;0;0;1
20/11/2022;21:06:22;102;Sem vítima;277,000;BR-101/SC;Decrescente;Acidentes de outra natureza;1;0;0;0;0;0;1
21/11/2022;17:32:32;108;Sem vítima;291,000;BR-101/SC;Decrescente;Acidentes de outra natureza;1;0;0;0;0;0;1
25/11/2022;11:51:21;85;Sem vítima;292,000;BR-101/SC;Crescente;Acidentes de outra natureza;1;0;0;0;0;0;1
29/11/2022;05:48:07;13;Sem vítima;298,000;BR-101/SC;Crescente;Colisão traseira;1;0;0;0;0;0;1
02/12/2022;07:45:00;25;Sem vítima;344,000;BR-101/SC;Decrescente;Acidentes de outra natureza;1;0;0;0;0;0;1
03/12/2022;01:01:11;6;Sem vítima;290,000;BR-101/SC;Crescente;Acidentes de outra natureza;1;0;0;0;0;0;1
07/12/2022;03:29:47;10;Sem vítima;326,000;BR-101/SC;Crescente;Acidentes de outra natureza;1;0;0;0;0;0;1
08/12/2022;03:53:48;9;Sem vítima;367,000;BR-101/SC;Crescente;Acidentes de outra natureza;1;0;0;0;0;0;1
08/12/2022;22:57:34;141;Sem vítima;388,000;BR-101/SC;Crescente;Acidentes de outra natureza;1;0;0;0;0;0;1
09/12/2022;07:42:56;35;Sem vítima;331,000;BR-101/SC;Crescente;Acidentes de outra natureza;1;0;0;0;0;0;1
11/12/2022;05:00:31;18;Sem vítima;262,000;BR-101/SC;Crescente;Acidentes de outra natureza;1;0;0;0;0;0;1
11/12/2022;05:52:32;22;Sem vítima;351,000;BR-101/SC;Decrescente;Acidentes de outra natureza;1;0;0;0;0;0;1
15/12/2022;10:56:01;69;Sem vítima;394,000;BR-101/SC;Crescente;Acidentes de outra natureza;1;0;0;0;0;0;1
16/12/2022;04:57:26;22;Sem vítima;291,000;BR-101/SC;Decrescente;Acidentes de outra natureza;1;0;0;0;0;0;1
21/12/2022;11:27:58;77;Sem vítima;282,000;BR-101/SC;Crescente;Acidentes de outra natureza;1;0;0;0;0;0;1
26/12/2022;04:38:43;12;Sem vítima;456,000;BR-101/SC;Crescente;Acidentes de outra natureza;1;0;0;0;0;0;1
28/12/2022;05:47:11;11;Sem vítima;298,000;BR-101/SC;Crescente;Acidentes de outra natureza;1;0;0;0;0;0;1
29/12/2022;12:53:17;80;Sem vítima;332,000;BR-101/SC;Crescente;Acidentes de outra natureza;1;0;0;0;0;0;1
03/01/2023;23:00:28;167;Sem vítima;307,290;BR-101/SC;Decrescente;Acidentes de outra natureza;1;0;0;0;0;0;1
04/01/2023;13:33:28;70;Sem vítima;261,000;BR-101/SC;Decrescente;Acidentes de outra natureza;1;0;0;0;0;0;1
09/01/2023;08:56:40;37;Sem vítima;367,000;BR-101/SC;Crescente;Choque;1;1;0;0;0;0;1
09/01/2023;18:18:26;98;Sem vítima;382,000;BR-101/SC;Crescente;Acidentes de outra natureza;1;0;0;0;0;0;1
10/01/2023;03:49:23;10;Sem vítima;347,000;BR-101/SC;Decrescente;Acidentes de outra natureza;1;0;0;0;0;0;1
10/01/2023;08:21:38;41;Sem vítima;299,370;BR-101/SC;Decrescente;Acidentes de outra natureza;1;0;0;0;0;0;1
10/01/2023;19:11:47;112;Sem vítima;393,000;BR-101/SC;Crescente;Colisão traseira;1;4;0;0;0;0;1
10/01/2023;23:13:52;134;Com vítima;350,000;BR-101/SC;Crescente;Queda de moto;1;2;0;0;0;1;3
11/01/2023;06:42:07;18;Sem vítima;379,000;BR-101/SC;Crescente;Colisão lateral no mesmo sentido;1;2;0;0;0;0;1
11/01/2023;18:15:54;109;Com vítima;316,000;BR-101/SC;Decrescente;Tombamento;1;0;0;1;0;0;2
12/01/2023;03:24:53;7;Sem vítima;345,000;BR-101/SC;Decrescente;Choque;1;0;0;0;0;0;1
12/01/2023;16:56:08;122;Sem vítima;372,000;BR-101/SC;Crescente;Choque;1;0;0;0;0;0;1
12/01/2023;19:57:36;137;Sem vítima;310,000;BR-101/SC;Decrescente;Colisão traseira;1;1;0;0;0;0;1
13/01/2023;19:33:16;197;Sem vítima;310,000;BR-101/SC;Decrescente;Acidentes de outra natureza;1;0;0;0;0;0;1
15/01/2023;09:06:22;23;Sem vítima;357,000;BR-101/SC;Crescente;Acidentes de outra natureza;1;0;0;0;0;0;1
16/01/2023;08:51:48;39;Sem vítima;326,490;BR-101/SC;Decrescente;Acidentes de outra natureza;1;0;0;0;0;0;1
16/01/2023;18:39:50;120;Sem vítima;274,000;BR-101/SC;Decrescente;Acidentes de outra natureza;1;0;0;0;0;0;1
18/01/2023;15:44:06;86;Sem vítima;308,000;BR-101/SC;Crescente;Acidentes de outra natureza;1;0;0;0;0;0;1
18/01/2023;23:21:32;127;Sem vítima;353,000;BR-101/SC;Decrescente;Acidentes de outra natureza;1;0;0;0;0;0;1
20/01/2023;10:30:12;108;Sem vítima;312,000;BR-101/SC;Crescente;Acidentes de outra natureza;1;0;0;0;0;0;1
21/01/2023;17:50:37;110;Sem vítima;363,000;BR-101/SC;Decrescente;Acidentes de outra natureza;1;0;0;0;0;0;1
25/01/2023;07:10:04;26;Sem vítima;269,000;BR-101/SC;Crescente;Acidentes de outra natureza;1;0;0;0;0;0;1
31/01/2023;05:28:06;10;Sem vítima;257,000;BR-101/SC;Decrescente;Acidentes de outra natureza;1;0;0;0;0;0;1
31/01/2023;09:45:20;54;Sem vítima;347,000;BR-101/SC;Crescente;Acidentes de outra natureza;1;0;0;0;0;0;1
31/01/2023;12:06:30;81;Sem vítima;263,220;BR-101/SC;Decrescente;Acidentes de outra natureza;1;0;0;0;0;0;1
31/01/2023;21:12:50;138;Sem vítima;298,000;BR-101/SC;Decrescente;Acidentes de outra natureza;1;0;0;0;0;0;1
03/02/2023;00:51:43;2;Sem vítima;389,000;BR-101/SC;Decrescente;Acidentes de outra natureza;1;0;0;0;0;0;1
03/02/2023;04:53:34;10;Sem vítima;451,000;BR-101/SC;Crescente;Acidentes de outra natureza;1;0;0;0;0;0;1
07/02/2023;11:50:59;74;Sem vítima;445,000;BR-101/SC;Crescente;Acidentes de outra natureza;1;0;0;0;0;0;1